{"cameraMode":{"drawMode":0,"name":"Shaded","section":"Shading Mode"},"sceneLighting":false,"audioPlay":false,"sceneViewState":{"showFog":true,"showMaterialUpdate":false,"showSkybox":false,"showFlares":true,"showImageEffects":true,"showParticleSystems":true},"in2DMode":false,"pivot":{"x":-1.0300003290176392,"y":1.159999966621399,"z":2.140000104904175},"rotation":{"x":0.11225014925003052,"y":-0.017891956493258477,"z":0.0020158477127552034,"w":0.9935571551322937},"size":0.8660255670547485,"orthographic":true}