{"cameraMode":{"drawMode":0,"name":"Shaded","section":"Shading Mode"},"sceneLighting":false,"audioPlay":false,"sceneViewState":{"showFog":true,"showMaterialUpdate":false,"showSkybox":false,"showFlares":true,"showImageEffects":true,"showParticleSystems":true},"in2DMode":false,"pivot":{"x":3.2599997520446779,"y":4.21999979019165,"z":2.0399999618530275},"rotation":{"x":0.11225014925003052,"y":-0.017891956493258477,"z":0.0020158477127552034,"w":0.9935571551322937},"size":0.5196154117584229,"orthographic":true}