{"cameraMode":{"drawMode":0,"name":"Shaded","section":"Shading Mode"},"sceneLighting":false,"audioPlay":false,"sceneViewState":{"showFog":true,"showMaterialUpdate":false,"showSkybox":false,"showFlares":true,"showImageEffects":true,"showParticleSystems":true},"in2DMode":false,"pivot":{"x":2.6600000858306886,"y":3.8299999237060549,"z":2.049999952316284},"rotation":{"x":0.06805858761072159,"y":0.0911588966846466,"z":-0.0062467074021697048,"w":0.9934918880462647},"size":3.1807994842529299,"orthographic":false}