{"cameraMode":{"drawMode":0,"name":"Shaded","section":"Shading Mode"},"sceneLighting":false,"audioPlay":false,"sceneViewState":{"showFog":true,"showMaterialUpdate":false,"showSkybox":false,"showFlares":true,"showImageEffects":true,"showParticleSystems":true},"in2DMode":false,"pivot":{"x":3.6429996490478517,"y":4.21999979019165,"z":2.0399999618530275},"rotation":{"x":0.024890748783946039,"y":0.019493386149406434,"z":-0.0004857605672441423,"w":0.9995120167732239},"size":0.866025447845459,"orthographic":false}