{"cameraMode":{"drawMode":0,"name":"Shaded","section":"Shading Mode"},"sceneLighting":false,"audioPlay":false,"sceneViewState":{"showFog":true,"showMaterialUpdate":false,"showSkybox":false,"showFlares":true,"showImageEffects":true,"showParticleSystems":true},"in2DMode":false,"pivot":{"x":-0.5800002813339233,"y":1.659999966621399,"z":2.140000104904175},"rotation":{"x":0.01230411883443594,"y":-0.036857087165117267,"z":0.0003511246759444475,"w":0.9992915391921997},"size":0.8660256266593933,"orthographic":true}