{"cameraMode":{"drawMode":0,"name":"Shaded","section":"Shading Mode"},"sceneLighting":false,"audioPlay":false,"sceneViewState":{"showFog":true,"showMaterialUpdate":false,"showSkybox":false,"showFlares":true,"showImageEffects":true,"showParticleSystems":true},"in2DMode":false,"pivot":{"x":2.4599993228912355,"y":0.0,"z":2.140000343322754},"rotation":{"x":0.6658804416656494,"y":0.03910813480615616,"z":-0.03498842194676399,"w":0.7442225813865662},"size":1.7320510149002076,"orthographic":false}