{"cameraMode":{"drawMode":0,"name":"Shaded","section":"Shading Mode"},"sceneLighting":false,"audioPlay":false,"sceneViewState":{"showFog":true,"showMaterialUpdate":false,"showSkybox":false,"showFlares":true,"showImageEffects":true,"showParticleSystems":true},"in2DMode":false,"pivot":{"x":-3.5762786865234377e-7,"y":0.0,"z":1.4800002574920655},"rotation":{"x":-0.11496534943580628,"y":-0.06783818453550339,"z":0.008195014670491219,"w":-0.991143524646759},"size":1.0392305850982667,"orthographic":true}