{"cameraMode":{"drawMode":0,"name":"Shaded","section":"Shading Mode"},"sceneLighting":false,"audioPlay":false,"sceneViewState":{"showFog":true,"showMaterialUpdate":false,"showSkybox":false,"showFlares":true,"showImageEffects":true,"showParticleSystems":true},"in2DMode":false,"pivot":{"x":-6.297093391418457,"y":-1.6766142845153809,"z":-3.9758872985839845},"rotation":{"x":-0.5749058723449707,"y":-0.42191678285598757,"z":0.45427775382995608,"w":-0.5339621901512146},"size":0.8660253882408142,"orthographic":true}